sample_index,anomaly_score,BlockId,sequence_length,readable_sequence
2658,15.533759117126465,blk_1073828024,21,"Receiving BP-<ID>-<IP>-<ID>:<BLOCK>_87200 src: /<IP_PORT> dest: /<IP_PORT> | Received BP-<ID>-<IP>-<ID>:<BLOCK>_87200 src: /<IP_PORT> dest: /<IP_PORT> of size <NUM> | Scheduling <BLOCK>_87200 file <PATH><ID>-<IP>-<ID><PATH>/<BLOCK> for deletion | Deleted BP-<ID>-<IP>-<ID> <BLOCK>_87200 file <PATH><ID>-<IP>-<ID><PATH>/<BLOCK> | Receiving BP-<ID>-<IP>-<ID>:<BLOCK>_87200 src: /<IP_PORT> dest: /<IP_PORT> | src: /<IP_PORT>, dest: /<IP_PORT>, bytes: <NUM>, op: HDFS_WRITE, cliID: DFSClient_NONMAPREDUCE_-1482587964_1, offset: <NUM>, srvID: <ID>-d819-4dbe-aaa1-<ID>, blockid: BP-<ID>-<IP>-<ID>:<BLOCK>_87200, duration: <NUM> | PacketResponder: BP-<ID>-<IP>-<ID>:<BLOCK>_87200, type=HAS_DOWNSTREAM_IN_PIPELINE terminating | DatanodeRegistration(<IP_PORT>, datanodeUuid=<ID>-d819-4dbe-aaa1-<ID>, infoPort=<NUM>, infoSecurePort=<NUM>, ipcPort=<NUM>, storageInfo=lv=-<NUM>;cid=CID-<ID>-fa57-<NUM>-<NUM>-<ID>;nsid=<ID>;c=<NUM>) Starting thread to transfer BP-<ID>-<IP>-<ID>:<BLOCK>_87200 to <IP_PORT> | DataTransfer: Transmitted BP-<ID>-<IP>-<ID>:<BLOCK>_87200 (numBytes=<NUM>) to /<IP_PORT> | Receiving BP-<ID>-<IP>-<ID>:<BLOCK>_87200 src: /<IP_PORT> dest: /<IP_PORT> | Received BP-<ID>-<IP>-<ID>:<BLOCK>_87200 src: /<IP_PORT> dest: /<IP_PORT> of size <NUM> | Receiving BP-<ID>-<IP>-<ID>:<BLOCK>_87200 src: /<IP_PORT> dest: /<IP_PORT> | src: /<IP_PORT>, dest: /<IP_PORT>, bytes: <NUM>, op: HDFS_WRITE, cliID: DFSClient_NONMAPREDUCE_-1482587964_1, offset: <NUM>, srvID: <ID>-<NUM>-415a-8abd-<ID>, blockid: BP-<ID>-<IP>-<ID>:<BLOCK>_87200, duration: <NUM> | PacketResponder: BP-<ID>-<IP>-<ID>:<BLOCK>_87200, type=HAS_DOWNSTREAM_IN_PIPELINE terminating | DatanodeRegistration(<IP_PORT>, datanodeUuid=<ID>-<NUM>-415a-8abd-<ID>, infoPort=<NUM>, infoSecurePort=<NUM>, ipcPort=<NUM>, storageInfo=lv=-<NUM>;cid=CID-<ID>-fa57-<NUM>-<NUM>-<ID>;nsid=<ID>;c=<NUM>) Starting thread to transfer BP-<ID>-<IP>-<ID>:<BLOCK>_87200 to <IP_PORT> | DataTransfer: Transmitted BP-<ID>-<IP>-<ID>:<BLOCK>_87200 (numBytes=<NUM>) to /<IP_PORT> | Receiving BP-<ID>-<IP>-<ID>:<BLOCK>_87200 src: /<IP_PORT> dest: /<IP_PORT> | src: /<IP_PORT>, dest: /<IP_PORT>, bytes: <NUM>, op: HDFS_WRITE, cliID: DFSClient_NONMAPREDUCE_-1482587964_1, offset: <NUM>, srvID: <ID>-b6b5-4c05-a6b8-<ID>, blockid: BP-<ID>-<IP>-<ID>:<BLOCK>_87200, duration: <NUM> | PacketResponder: BP-<ID>-<IP>-<ID>:<BLOCK>_87200, type=LAST_IN_PIPELINE, downstreams=<NUM>:[] terminating | BLOCK* ask <IP_PORT> to replicate <BLOCK>_87200 to datanode(s) <IP_PORT> | BLOCK* addStoredBlock: blockMap updated: <IP_PORT> is added to <BLOCK>_87200 size <NUM>"
746,15.376625061035156,blk_1073962399,20,"Receiving BP-<ID>-<IP>-<ID>:<BLOCK>_221575 src: /<IP_PORT> dest: /<IP_PORT> | Received BP-<ID>-<IP>-<ID>:<BLOCK>_221575 src: /<IP_PORT> dest: /<IP_PORT> of size <NUM> | DatanodeRegistration(<IP_PORT>, datanodeUuid=<ID>-ff24-41e2-<NUM>-<ID>, infoPort=<NUM>, infoSecurePort=<NUM>, ipcPort=<NUM>, storageInfo=lv=-<NUM>;cid=CID-<ID>-fa57-<NUM>-<NUM>-<ID>;nsid=<ID>;c=<NUM>) Starting thread to transfer BP-<ID>-<IP>-<ID>:<BLOCK>_221575 to <IP_PORT> | DataTransfer: Transmitted BP-<ID>-<IP>-<ID>:<BLOCK>_221575 (numBytes=<NUM>) to /<IP_PORT> | Receiving BP-<ID>-<IP>-<ID>:<BLOCK>_221575 src: /<IP_PORT> dest: /<IP_PORT> | Received BP-<ID>-<IP>-<ID>:<BLOCK>_221575 src: /<IP_PORT> dest: /<IP_PORT> of size <NUM> | Receiving BP-<ID>-<IP>-<ID>:<BLOCK>_221575 src: /<IP_PORT> dest: /<IP_PORT> | Received BP-<ID>-<IP>-<ID>:<BLOCK>_221575 src: /<IP_PORT> dest: /<IP_PORT> of size <NUM> | DatanodeRegistration(<IP_PORT>, datanodeUuid=<ID>-baf4-<NUM>-88eb-<ID>, infoPort=<NUM>, infoSecurePort=<NUM>, ipcPort=<NUM>, storageInfo=lv=-<NUM>;cid=CID-<ID>-fa57-<NUM>-<NUM>-<ID>;nsid=<ID>;c=<NUM>) Starting thread to transfer BP-<ID>-<IP>-<ID>:<BLOCK>_221575 to <IP_PORT> | DataTransfer: Transmitted BP-<ID>-<IP>-<ID>:<BLOCK>_221575 (numBytes=<NUM>) to /<IP_PORT> | Receiving BP-<ID>-<IP>-<ID>:<BLOCK>_221575 src: /<IP_PORT> dest: /<IP_PORT> | src: /<IP_PORT>, dest: /<IP_PORT>, bytes: <NUM>, op: HDFS_WRITE, cliID: DFSClient_NONMAPREDUCE_-540631270_1, offset: <NUM>, srvID: <ID>-90ab-49f8-b712-<ID>, blockid: BP-<ID>-<IP>-<ID>:<BLOCK>_221575, duration: <NUM> | PacketResponder: BP-<ID>-<IP>-<ID>:<BLOCK>_221575, type=LAST_IN_PIPELINE, downstreams=<NUM>:[] terminating | Scheduling <BLOCK>_221575 file <PATH><ID>-<IP>-<ID><PATH>/<BLOCK> for deletion | Deleted BP-<ID>-<IP>-<ID> <BLOCK>_221575 file <PATH><ID>-<IP>-<ID><PATH>/<BLOCK> | Receiving BP-<ID>-<IP>-<ID>:<BLOCK>_221575 src: /<IP_PORT> dest: /<IP_PORT> | src: /<IP_PORT>, dest: /<IP_PORT>, bytes: <NUM>, op: HDFS_WRITE, cliID: DFSClient_NONMAPREDUCE_-540631270_1, offset: <NUM>, srvID: <ID>-b6b5-4c05-a6b8-<ID>, blockid: BP-<ID>-<IP>-<ID>:<BLOCK>_221575, duration: <ID> | PacketResponder: BP-<ID>-<IP>-<ID>:<BLOCK>_221575, type=HAS_DOWNSTREAM_IN_PIPELINE terminating | BLOCK* ask <IP_PORT> to replicate <BLOCK>_221575 to datanode(s) <IP_PORT> | BLOCK* addStoredBlock: blockMap updated: <IP_PORT> is added to <BLOCK>_221575 size <NUM>"
7760,15.341508865356444,blk_1074011359,21,"Receiving BP-<ID>-<IP>-<ID>:<BLOCK>_270535 src: /<IP_PORT> dest: /<IP_PORT> | Received BP-<ID>-<IP>-<ID>:<BLOCK>_270535 src: /<IP_PORT> dest: /<IP_PORT> of size <NUM> | Receiving BP-<ID>-<IP>-<ID>:<BLOCK>_270535 src: /<IP_PORT> dest: /<IP_PORT> | Received BP-<ID>-<IP>-<ID>:<BLOCK>_270535 src: /<IP_PORT> dest: /<IP_PORT> of size <NUM> | Receiving BP-<ID>-<IP>-<ID>:<BLOCK>_270535 src: /<IP_PORT> dest: /<IP_PORT> | src: /<IP_PORT>, dest: /<IP_PORT>, bytes: <NUM>, op: HDFS_WRITE, cliID: DFSClient_NONMAPREDUCE_323145324_1, offset: <NUM>, srvID: <ID>-05c2-478c-948f-<ID>, blockid: BP-<ID>-<IP>-<ID>:<BLOCK>_270535, duration: <NUM> | PacketResponder: BP-<ID>-<IP>-<ID>:<BLOCK>_270535, type=HAS_DOWNSTREAM_IN_PIPELINE terminating | DatanodeRegistration(<IP_PORT>, datanodeUuid=<ID>-05c2-478c-948f-<ID>, infoPort=<NUM>, infoSecurePort=<NUM>, ipcPort=<NUM>, storageInfo=lv=-<NUM>;cid=CID-<ID>-fa57-<NUM>-<NUM>-<ID>;nsid=<ID>;c=<NUM>) Starting thread to transfer BP-<ID>-<IP>-<ID>:<BLOCK>_270535 to <IP_PORT> | DataTransfer: Transmitted BP-<ID>-<IP>-<ID>:<BLOCK>_270535 (numBytes=<NUM>) to /<IP_PORT> | Receiving BP-<ID>-<IP>-<ID>:<BLOCK>_270535 src: /<IP_PORT> dest: /<IP_PORT> | src: /<IP_PORT>, dest: /<IP_PORT>, bytes: <NUM>, op: HDFS_WRITE, cliID: DFSClient_NONMAPREDUCE_323145324_1, offset: <NUM>, srvID: <ID>-d819-4dbe-aaa1-<ID>, blockid: BP-<ID>-<IP>-<ID>:<BLOCK>_270535, duration: <NUM> | PacketResponder: BP-<ID>-<IP>-<ID>:<BLOCK>_270535, type=LAST_IN_PIPELINE, downstreams=<NUM>:[] terminating | DatanodeRegistration(<IP_PORT>, datanodeUuid=<ID>-d819-4dbe-aaa1-<ID>, infoPort=<NUM>, infoSecurePort=<NUM>, ipcPort=<NUM>, storageInfo=lv=-<NUM>;cid=CID-<ID>-fa57-<NUM>-<NUM>-<ID>;nsid=<ID>;c=<NUM>) Starting thread to transfer BP-<ID>-<IP>-<ID>:<BLOCK>_270535 to <IP_PORT> | DataTransfer: Transmitted BP-<ID>-<IP>-<ID>:<BLOCK>_270535 (numBytes=<NUM>) to /<IP_PORT> | Scheduling <BLOCK>_270535 file <PATH><ID>-<IP>-<ID><PATH>/<BLOCK> for deletion | Deleted BP-<ID>-<IP>-<ID> <BLOCK>_270535 file <PATH><ID>-<IP>-<ID><PATH>/<BLOCK> | Receiving BP-<ID>-<IP>-<ID>:<BLOCK>_270535 src: /<IP_PORT> dest: /<IP_PORT> | src: /<IP_PORT>, dest: /<IP_PORT>, bytes: <NUM>, op: HDFS_WRITE, cliID: DFSClient_NONMAPREDUCE_323145324_1, offset: <NUM>, srvID: <ID>-90ab-49f8-b712-<ID>, blockid: BP-<ID>-<IP>-<ID>:<BLOCK>_270535, duration: <NUM> | PacketResponder: BP-<ID>-<IP>-<ID>:<BLOCK>_270535, type=HAS_DOWNSTREAM_IN_PIPELINE terminating | BLOCK* ask <IP_PORT> to replicate <BLOCK>_270535 to datanode(s) <IP_PORT> | BLOCK* addStoredBlock: blockMap updated: <IP_PORT> is added to <BLOCK>_270535 size <NUM>"
8583,15.33806610107422,blk_1073856541,27,"Receiving BP-<ID>-<IP>-<ID>:<BLOCK>_115717 src: /<IP_PORT> dest: /<IP_PORT> | Received BP-<ID>-<IP>-<ID>:<BLOCK>_115717 src: /<IP_PORT> dest: /<IP_PORT> of size <NUM> | Receiving BP-<ID>-<IP>-<ID>:<BLOCK>_115717 src: /<IP_PORT> dest: /<IP_PORT> | Received BP-<ID>-<IP>-<ID>:<BLOCK>_115717 src: /<IP_PORT> dest: /<IP_PORT> of size <NUM> | DatanodeRegistration(<IP_PORT>, datanodeUuid=<ID>-c683-<NUM>-83f1-<ID>, infoPort=<NUM>, infoSecurePort=<NUM>, ipcPort=<NUM>, storageInfo=lv=-<NUM>;cid=CID-<ID>-fa57-<NUM>-<NUM>-<ID>;nsid=<ID>;c=<NUM>) Starting thread to transfer BP-<ID>-<IP>-<ID>:<BLOCK>_115717 to <IP_PORT> | DataTransfer: Transmitted BP-<ID>-<IP>-<ID>:<BLOCK>_115717 (numBytes=<NUM>) to /<IP_PORT> | Scheduling <BLOCK>_115717 file <PATH><ID>-<IP>-<ID><PATH>/<BLOCK> for deletion | Deleted BP-<ID>-<IP>-<ID> <BLOCK>_115717 file <PATH><ID>-<IP>-<ID><PATH>/<BLOCK> | Receiving BP-<ID>-<IP>-<ID>:<BLOCK>_115717 src: /<IP_PORT> dest: /<IP_PORT> | src: /<IP_PORT>, dest: /<IP_PORT>, bytes: <NUM>, op: HDFS_WRITE, cliID: DFSClient_NONMAPREDUCE_-941064892_1, offset: <NUM>, srvID: <ID>-45f8-4e65-ad3a-<ID>, blockid: BP-<ID>-<IP>-<ID>:<BLOCK>_115717, duration: <NUM> | PacketResponder: BP-<ID>-<IP>-<ID>:<BLOCK>_115717, type=HAS_DOWNSTREAM_IN_PIPELINE terminating | DatanodeRegistration(<IP_PORT>, datanodeUuid=<ID>-45f8-4e65-ad3a-<ID>, infoPort=<NUM>, infoSecurePort=<NUM>, ipcPort=<NUM>, storageInfo=lv=-<NUM>;cid=CID-<ID>-fa57-<NUM>-<NUM>-<ID>;nsid=<ID>;c=<NUM>) Starting thread to transfer BP-<ID>-<IP>-<ID>:<BLOCK>_115717 to <IP_PORT> | DataTransfer: Transmitted BP-<ID>-<IP>-<ID>:<BLOCK>_115717 (numBytes=<NUM>) to /<IP_PORT> | DatanodeRegistration(<IP_PORT>, datanodeUuid=<ID>-45f8-4e65-ad3a-<ID>, infoPort=<NUM>, infoSecurePort=<NUM>, ipcPort=<NUM>, storageInfo=lv=-<NUM>;cid=CID-<ID>-fa57-<NUM>-<NUM>-<ID>;nsid=<ID>;c=<NUM>) Starting thread to transfer BP-<ID>-<IP>-<ID>:<BLOCK>_115717 to <IP_PORT> | DataTransfer: Transmitted BP-<ID>-<IP>-<ID>:<BLOCK>_115717 (numBytes=<NUM>) to /<IP_PORT> | Receiving BP-<ID>-<IP>-<ID>:<BLOCK>_115717 src: /<IP_PORT> dest: /<IP_PORT> | src: /<IP_PORT>, dest: /<IP_PORT>, bytes: <NUM>, op: HDFS_WRITE, cliID: DFSClient_NONMAPREDUCE_-941064892_1, offset: <NUM>, srvID: <ID>-957e-<NUM>-91a7-<ID>, blockid: BP-<ID>-<IP>-<ID>:<BLOCK>_115717, duration: <NUM> | PacketResponder: BP-<ID>-<IP>-<ID>:<BLOCK>_115717, type=LAST_IN_PIPELINE, downstreams=<NUM>:[] terminating | Scheduling <BLOCK>_115717 file <PATH><ID>-<IP>-<ID><PATH>/<BLOCK> for deletion | Deleted BP-<ID>-<IP>-<ID> <BLOCK>_115717 file <PATH><ID>-<IP>-<ID><PATH>/<BLOCK> | Receiving BP-<ID>-<IP>-<ID>:<BLOCK>_115717 src: /<IP_PORT> dest: /<IP_PORT> | Received BP-<ID>-<IP>-<ID>:<BLOCK>_115717 src: /<IP_PORT> dest: /<IP_PORT> of size <NUM> | Receiving BP-<ID>-<IP>-<ID>:<BLOCK>_115717 src: /<IP_PORT> dest: /<IP_PORT> | src: /<IP_PORT>, dest: /<IP_PORT>, bytes: <NUM>, op: HDFS_WRITE, cliID: DFSClient_NONMAPREDUCE_-941064892_1, offset: <NUM>, srvID: <ID>-838b-<NUM>-acec-<ID>, blockid: BP-<ID>-<IP>-<ID>:<BLOCK>_115717, duration: <NUM> | PacketResponder: BP-<ID>-<IP>-<ID>:<BLOCK>_115717, type=HAS_DOWNSTREAM_IN_PIPELINE terminating | BLOCK* ask <IP_PORT> to replicate <BLOCK>_115717 to datanode(s) <IP_PORT> | BLOCK* addStoredBlock: blockMap updated: <IP_PORT> is added to <BLOCK>_115717 size <NUM>"
4854,15.269183158874512,blk_1073860934,50,"Receiving BP-<ID>-<IP>-<ID>:<BLOCK>_120110 src: /<IP_PORT> dest: /<IP_PORT> | Received BP-<ID>-<IP>-<ID>:<BLOCK>_120110 src: /<IP_PORT> dest: /<IP_PORT> of size <NUM> | Scheduling <BLOCK>_120110 file <PATH><ID>-<IP>-<ID><PATH>/<BLOCK> for deletion | Deleted BP-<ID>-<IP>-<ID> <BLOCK>_120110 file <PATH><ID>-<IP>-<ID><PATH>/<BLOCK> | Receiving BP-<ID>-<IP>-<ID>:<BLOCK>_120110 src: /<IP_PORT> dest: /<IP_PORT> | Received BP-<ID>-<IP>-<ID>:<BLOCK>_120110 src: /<IP_PORT> dest: /<IP_PORT> of size <NUM> | Receiving BP-<ID>-<IP>-<ID>:<BLOCK>_120110 src: /<IP_PORT> dest: /<IP_PORT> | Received BP-<ID>-<IP>-<ID>:<BLOCK>_120110 src: /<IP_PORT> dest: /<IP_PORT> of size <NUM> | DatanodeRegistration(<IP_PORT>, datanodeUuid=<ID>-<NUM>-45cb-839b-<ID>, infoPort=<NUM>, infoSecurePort=<NUM>, ipcPort=<NUM>, storageInfo=lv=-<NUM>;cid=CID-<ID>-fa57-<NUM>-<NUM>-<ID>;nsid=<ID>;c=<NUM>) Starting thread to transfer BP-<ID>-<IP>-<ID>:<BLOCK>_120110 to <IP_PORT> | DataTransfer: Transmitted BP-<ID>-<IP>-<ID>:<BLOCK>_120110 (numBytes=<NUM>) to /<IP_PORT> | Receiving BP-<ID>-<IP>-<ID>:<BLOCK>_120110 src: /<IP_PORT> dest: /<IP_PORT> | Received BP-<ID>-<IP>-<ID>:<BLOCK>_120110 src: /<IP_PORT> dest: /<IP_PORT> of size <NUM> | Receiving BP-<ID>-<IP>-<ID>:<BLOCK>_120110 src: /<IP_PORT> dest: /<IP_PORT> | Received BP-<ID>-<IP>-<ID>:<BLOCK>_120110 src: /<IP_PORT> dest: /<IP_PORT> of size <NUM> | DatanodeRegistration(<IP_PORT>, datanodeUuid=<ID>-642e-40b5-<NUM>-<ID>, infoPort=<NUM>, infoSecurePort=<NUM>, ipcPort=<NUM>, storageInfo=lv=-<NUM>;cid=CID-<ID>-fa57-<NUM>-<NUM>-<ID>;nsid=<ID>;c=<NUM>) Starting thread to transfer BP-<ID>-<IP>-<ID>:<BLOCK>_120110 to <IP_PORT> | DataTransfer: Transmitted BP-<ID>-<IP>-<ID>:<BLOCK>_120110 (numBytes=<NUM>) to /<IP_PORT> | Receiving BP-<ID>-<IP>-<ID>:<BLOCK>_120110 src: /<IP_PORT> dest: /<IP_PORT> | Received BP-<ID>-<IP>-<ID>:<BLOCK>_120110 src: /<IP_PORT> dest: /<IP_PORT> of size <NUM> | Scheduling <BLOCK>_120110 file <PATH><ID>-<IP>-<ID><PATH>/<BLOCK> for deletion | Deleted BP-<ID>-<IP>-<ID> <BLOCK>_120110 file <PATH><ID>-<IP>-<ID><PATH>/<BLOCK> | Receiving BP-<ID>-<IP>-<ID>:<BLOCK>_120110 src: /<IP_PORT> dest: /<IP_PORT> | src: /<IP_PORT>, dest: /<IP_PORT>, bytes: <NUM>, op: HDFS_WRITE, cliID: DFSClient_NONMAPREDUCE_-941064892_1, offset: <NUM>, srvID: <ID>-<NUM>-4ace-8c63-<ID>, blockid: BP-<ID>-<IP>-<ID>:<BLOCK>_120110, duration: <NUM> | PacketResponder: BP-<ID>-<IP>-<ID>:<BLOCK>_120110, type=HAS_DOWNSTREAM_IN_PIPELINE terminating | DatanodeRegistration(<IP_PORT>, datanodeUuid=<ID>-<NUM>-4ace-8c63-<ID>, infoPort=<NUM>, infoSecurePort=<NUM>, ipcPort=<NUM>, storageInfo=lv=-<NUM>;cid=CID-<ID>-fa57-<NUM>-<NUM>-<ID>;nsid=<ID>;c=<NUM>) Starting thread to transfer BP-<ID>-<IP>-<ID>:<BLOCK>_120110 to <IP_PORT> | DataTransfer: Transmitted BP-<ID>-<IP>-<ID>:<BLOCK>_120110 (numBytes=<NUM>) to /<IP_PORT> | DatanodeRegistration(<IP_PORT>, datanodeUuid=<ID>-<NUM>-4ace-8c63-<ID>, infoPort=<NUM>, infoSecurePort=<NUM>, ipcPort=<NUM>, storageInfo=lv=-<NUM>;cid=CID-<ID>-fa57-<NUM>-<NUM>-<ID>;nsid=<ID>;c=<NUM>) Starting thread to transfer BP-<ID>-<IP>-<ID>:<BLOCK>_120110 to <IP_PORT> | DataTransfer: Transmitted BP-<ID>-<IP>-<ID>:<BLOCK>_120110 (numBytes=<NUM>) to /<IP_PORT> | Scheduling <BLOCK>_120110 file <PATH><ID>-<IP>-<ID><PATH>/<BLOCK> for deletion | Deleted BP-<ID>-<IP>-<ID> <BLOCK>_120110 file <PATH><ID>-<IP>-<ID><PATH>/<BLOCK> | Receiving BP-<ID>-<IP>-<ID>:<BLOCK>_120110 src: /<IP_PORT> dest: /<IP_PORT> | src: /<IP_PORT>, dest: /<IP_PORT>, bytes: <NUM>, op: HDFS_WRITE, cliID: DFSClient_NONMAPREDUCE_-941064892_1, offset: <NUM>, srvID: <ID>-90ab-49f8-b712-<ID>, blockid: BP-<ID>-<IP>-<ID>:<BLOCK>_120110, duration: <NUM> | PacketResponder: BP-<ID>-<IP>-<ID>:<BLOCK>_120110, type=LAST_IN_PIPELINE, downstreams=<NUM>:[] terminating | DatanodeRegistration(<IP_PORT>, datanodeUuid=<ID>-90ab-49f8-b712-<ID>, infoPort=<NUM>, infoSecurePort=<NUM>, ipcPort=<NUM>, storageInfo=lv=-<NUM>;cid=CID-<ID>-fa57-<NUM>-<NUM>-<ID>;nsid=<ID>;c=<NUM>) Starting thread to transfer BP-<ID>-<IP>-<ID>:<BLOCK>_120110 to <IP_PORT> | DataTransfer: Transmitted BP-<ID>-<IP>-<ID>:<BLOCK>_120110 (numBytes=<NUM>) to /<IP_PORT> | DatanodeRegistration(<IP_PORT>, datanodeUuid=<ID>-90ab-49f8-b712-<ID>, infoPort=<NUM>, infoSecurePort=<NUM>, ipcPort=<NUM>, storageInfo=lv=-<NUM>;cid=CID-<ID>-fa57-<NUM>-<NUM>-<ID>;nsid=<ID>;c=<NUM>) Starting thread to transfer BP-<ID>-<IP>-<ID>:<BLOCK>_120110 to <IP_PORT> | DataTransfer: Transmitted BP-<ID>-<IP>-<ID>:<BLOCK>_120110 (numBytes=<NUM>) to /<IP_PORT> | Receiving BP-<ID>-<IP>-<ID>:<BLOCK>_120110 src: /<IP_PORT> dest: /<IP_PORT> | src: /<IP_PORT>, dest: /<IP_PORT>, bytes: <NUM>, op: HDFS_WRITE, cliID: DFSClient_NONMAPREDUCE_-941064892_1, offset: <NUM>, srvID: <ID>-a2bc-<NUM>-aaa4-<ID>, blockid: BP-<ID>-<IP>-<ID>:<BLOCK>_120110, duration: <NUM> | PacketResponder: BP-<ID>-<IP>-<ID>:<BLOCK>_120110, type=HAS_DOWNSTREAM_IN_PIPELINE terminating | Scheduling <BLOCK>_120110 file <PATH><ID>-<IP>-<ID><PATH>/<BLOCK> for deletion | Deleted BP-<ID>-<IP>-<ID> <BLOCK>_120110 file <PATH><ID>-<IP>-<ID><PATH>/<BLOCK> | BLOCK* ask <IP_PORT> to replicate <BLOCK>_120110 to datanode(s) <IP_PORT> | BLOCK* addStoredBlock: blockMap updated: <IP_PORT> is added to <BLOCK>_120110 size <NUM> | BLOCK* ask <IP_PORT> to replicate <BLOCK>_120110 to datanode(s) <IP_PORT> | BLOCK* addStoredBlock: blockMap updated: <IP_PORT> is added to <BLOCK>_120110 size <NUM> | BLOCK* processOverReplicatedBlock: Postponing processing of over-replicated <BLOCK>_120110 since storage + [DISK]DS-<ID>-99ea-4dcc-b1c1-<ID>:NORMAL:<IP>:50010datanode <IP_PORT> does not yet have up-to-date block information. | BLOCK* InvalidateBlocks: add <BLOCK>_120110 to <IP_PORT> | BLOCK* chooseExcessReplicates: ([DISK]DS-<ID>-99ea-4dcc-b1c1-<ID>:NORMAL:<IP_PORT>, <BLOCK>_120110) is added to invalidated blocks set | BLOCK* ask <IP_PORT> to replicate <BLOCK>_120110 to datanode(s) <IP_PORT> | BLOCK* addStoredBlock: blockMap updated: <IP_PORT> is added to <BLOCK>_120110 size <NUM>"
1066,15.217254638671877,blk_1073951144,29,"Receiving BP-<ID>-<IP>-<ID>:<BLOCK>_210320 src: /<IP_PORT> dest: /<IP_PORT> | Received BP-<ID>-<IP>-<ID>:<BLOCK>_210320 src: /<IP_PORT> dest: /<IP_PORT> of size <NUM> | DatanodeRegistration(<IP_PORT>, datanodeUuid=<ID>-ff24-41e2-<NUM>-<ID>, infoPort=<NUM>, infoSecurePort=<NUM>, ipcPort=<NUM>, storageInfo=lv=-<NUM>;cid=CID-<ID>-fa57-<NUM>-<NUM>-<ID>;nsid=<ID>;c=<NUM>) Starting thread to transfer BP-<ID>-<IP>-<ID>:<BLOCK>_210320 to <IP_PORT> | DataTransfer: Transmitted BP-<ID>-<IP>-<ID>:<BLOCK>_210320 (numBytes=<NUM>) to /<IP_PORT> | Receiving BP-<ID>-<IP>-<ID>:<BLOCK>_210320 src: /<IP_PORT> dest: /<IP_PORT> | src: /<IP_PORT>, dest: /<IP_PORT>, bytes: <NUM>, op: HDFS_WRITE, cliID: DFSClient_NONMAPREDUCE_1311012860_1, offset: <NUM>, srvID: <ID>-<NUM>-4cf7-85a2-<ID>, blockid: BP-<ID>-<IP>-<ID>:<BLOCK>_210320, duration: <NUM> | PacketResponder: BP-<ID>-<IP>-<ID>:<BLOCK>_210320, type=HAS_DOWNSTREAM_IN_PIPELINE terminating | DatanodeRegistration(<IP_PORT>, datanodeUuid=<ID>-<NUM>-4cf7-85a2-<ID>, infoPort=<NUM>, infoSecurePort=<NUM>, ipcPort=<NUM>, storageInfo=lv=-<NUM>;cid=CID-<ID>-fa57-<NUM>-<NUM>-<ID>;nsid=<ID>;c=<NUM>) Starting thread to transfer BP-<ID>-<IP>-<ID>:<BLOCK>_210320 to <IP_PORT> | DataTransfer: Transmitted BP-<ID>-<IP>-<ID>:<BLOCK>_210320 (numBytes=<NUM>) to /<IP_PORT> | Scheduling <BLOCK>_210320 file <PATH><ID>-<IP>-<ID><PATH>/<BLOCK> for deletion | Deleted BP-<ID>-<IP>-<ID> <BLOCK>_210320 file <PATH><ID>-<IP>-<ID><PATH>/<BLOCK> | Receiving BP-<ID>-<IP>-<ID>:<BLOCK>_210320 src: /<IP_PORT> dest: /<IP_PORT> | Received BP-<ID>-<IP>-<ID>:<BLOCK>_210320 src: /<IP_PORT> dest: /<IP_PORT> of size <NUM> | DatanodeRegistration(<IP_PORT>, datanodeUuid=<ID>-d95f-4c29-a5a1-<ID>, infoPort=<NUM>, infoSecurePort=<NUM>, ipcPort=<NUM>, storageInfo=lv=-<NUM>;cid=CID-<ID>-fa57-<NUM>-<NUM>-<ID>;nsid=<ID>;c=<NUM>) Starting thread to transfer BP-<ID>-<IP>-<ID>:<BLOCK>_210320 to <IP_PORT> | DataTransfer: Transmitted BP-<ID>-<IP>-<ID>:<BLOCK>_210320 (numBytes=<NUM>) to /<IP_PORT> | Receiving BP-<ID>-<IP>-<ID>:<BLOCK>_210320 src: /<IP_PORT> dest: /<IP_PORT> | src: /<IP_PORT>, dest: /<IP_PORT>, bytes: <NUM>, op: HDFS_WRITE, cliID: DFSClient_NONMAPREDUCE_1311012860_1, offset: <NUM>, srvID: <ID>-d819-4dbe-aaa1-<ID>, blockid: BP-<ID>-<IP>-<ID>:<BLOCK>_210320, duration: <NUM> | PacketResponder: BP-<ID>-<IP>-<ID>:<BLOCK>_210320, type=HAS_DOWNSTREAM_IN_PIPELINE terminating | Scheduling <BLOCK>_210320 file <PATH><ID>-<IP>-<ID><PATH>/<BLOCK> for deletion | Deleted BP-<ID>-<IP>-<ID> <BLOCK>_210320 file <PATH><ID>-<IP>-<ID><PATH>/<BLOCK> | Receiving BP-<ID>-<IP>-<ID>:<BLOCK>_210320 src: /<IP_PORT> dest: /<IP_PORT> | Received BP-<ID>-<IP>-<ID>:<BLOCK>_210320 src: /<IP_PORT> dest: /<IP_PORT> of size <NUM> | Receiving BP-<ID>-<IP>-<ID>:<BLOCK>_210320 src: /<IP_PORT> dest: /<IP_PORT> | src: /<IP_PORT>, dest: /<IP_PORT>, bytes: <NUM>, op: HDFS_WRITE, cliID: DFSClient_NONMAPREDUCE_1311012860_1, offset: <NUM>, srvID: <ID>-a2bc-<NUM>-aaa4-<ID>, blockid: BP-<ID>-<IP>-<ID>:<BLOCK>_210320, duration: <NUM> | PacketResponder: BP-<ID>-<IP>-<ID>:<BLOCK>_210320, type=LAST_IN_PIPELINE, downstreams=<NUM>:[] terminating | Scheduling <BLOCK>_210320 file <PATH><ID>-<IP>-<ID><PATH>/<BLOCK> for deletion | Deleted BP-<ID>-<IP>-<ID> <BLOCK>_210320 file <PATH><ID>-<IP>-<ID><PATH>/<BLOCK> | BLOCK* ask <IP_PORT> to replicate <BLOCK>_210320 to datanode(s) <IP_PORT> | BLOCK* addStoredBlock: blockMap updated: <IP_PORT> is added to <BLOCK>_210320 size <NUM>"
7055,15.149441719055176,blk_1074040448,27,"Receiving BP-<ID>-<IP>-<ID>:<BLOCK>_299624 src: /<IP_PORT> dest: /<IP_PORT> | Received BP-<ID>-<IP>-<ID>:<BLOCK>_299624 src: /<IP_PORT> dest: /<IP_PORT> of size <NUM> | DatanodeRegistration(<IP_PORT>, datanodeUuid=<ID>-ff24-41e2-<NUM>-<ID>, infoPort=<NUM>, infoSecurePort=<NUM>, ipcPort=<NUM>, storageInfo=lv=-<NUM>;cid=CID-<ID>-fa57-<NUM>-<NUM>-<ID>;nsid=<ID>;c=<NUM>) Starting thread to transfer BP-<ID>-<IP>-<ID>:<BLOCK>_299624 to <IP_PORT> | DataTransfer: Transmitted BP-<ID>-<IP>-<ID>:<BLOCK>_299624 (numBytes=<NUM>) to /<IP_PORT> | Receiving BP-<ID>-<IP>-<ID>:<BLOCK>_299624 src: /<IP_PORT> dest: /<IP_PORT> | src: /<IP_PORT>, dest: /<IP_PORT>, bytes: <NUM>, op: HDFS_WRITE, cliID: DFSClient_NONMAPREDUCE_1756894144_1, offset: <NUM>, srvID: <ID>-ccb8-49f2-<NUM>-<ID>, blockid: BP-<ID>-<IP>-<ID>:<BLOCK>_299624, duration: <NUM> | PacketResponder: BP-<ID>-<IP>-<ID>:<BLOCK>_299624, type=HAS_DOWNSTREAM_IN_PIPELINE terminating | DatanodeRegistration(<IP_PORT>, datanodeUuid=<ID>-ccb8-49f2-<NUM>-<ID>, infoPort=<NUM>, infoSecurePort=<NUM>, ipcPort=<NUM>, storageInfo=lv=-<NUM>;cid=CID-<ID>-fa57-<NUM>-<NUM>-<ID>;nsid=<ID>;c=<NUM>) Starting thread to transfer BP-<ID>-<IP>-<ID>:<BLOCK>_299624 to <IP_PORT> | DataTransfer: Transmitted BP-<ID>-<IP>-<ID>:<BLOCK>_299624 (numBytes=<NUM>) to /<IP_PORT> | Scheduling <BLOCK>_299624 file <PATH><ID>-<IP>-<ID><PATH>/<BLOCK> for deletion | Deleted BP-<ID>-<IP>-<ID> <BLOCK>_299624 file <PATH><ID>-<IP>-<ID><PATH>/<BLOCK> | Receiving BP-<ID>-<IP>-<ID>:<BLOCK>_299624 src: /<IP_PORT> dest: /<IP_PORT> | Received BP-<ID>-<IP>-<ID>:<BLOCK>_299624 src: /<IP_PORT> dest: /<IP_PORT> of size <NUM> | Scheduling <BLOCK>_299624 file <PATH><ID>-<IP>-<ID><PATH>/<BLOCK> for deletion | Deleted BP-<ID>-<IP>-<ID> <BLOCK>_299624 file <PATH><ID>-<IP>-<ID><PATH>/<BLOCK> | Receiving BP-<ID>-<IP>-<ID>:<BLOCK>_299624 src: /<IP_PORT> dest: /<IP_PORT> | Received BP-<ID>-<IP>-<ID>:<BLOCK>_299624 src: /<IP_PORT> dest: /<IP_PORT> of size <NUM> | Receiving BP-<ID>-<IP>-<ID>:<BLOCK>_299624 src: /<IP_PORT> dest: /<IP_PORT> | src: /<IP_PORT>, dest: /<IP_PORT>, bytes: <NUM>, op: HDFS_WRITE, cliID: DFSClient_NONMAPREDUCE_1756894144_1, offset: <NUM>, srvID: <ID>-2b25-40c8-b236-<ID>, blockid: BP-<ID>-<IP>-<ID>:<BLOCK>_299624, duration: <NUM> | PacketResponder: BP-<ID>-<IP>-<ID>:<BLOCK>_299624, type=HAS_DOWNSTREAM_IN_PIPELINE terminating | DatanodeRegistration(<IP_PORT>, datanodeUuid=<ID>-2b25-40c8-b236-<ID>, infoPort=<NUM>, infoSecurePort=<NUM>, ipcPort=<NUM>, storageInfo=lv=-<NUM>;cid=CID-<ID>-fa57-<NUM>-<NUM>-<ID>;nsid=<ID>;c=<NUM>) Starting thread to transfer BP-<ID>-<IP>-<ID>:<BLOCK>_299624 to <IP_PORT> | DataTransfer: Transmitted BP-<ID>-<IP>-<ID>:<BLOCK>_299624 (numBytes=<NUM>) to /<IP_PORT> | Receiving BP-<ID>-<IP>-<ID>:<BLOCK>_299624 src: /<IP_PORT> dest: /<IP_PORT> | src: /<IP_PORT>, dest: /<IP_PORT>, bytes: <NUM>, op: HDFS_WRITE, cliID: DFSClient_NONMAPREDUCE_1756894144_1, offset: <NUM>, srvID: <ID>-a2bc-<NUM>-aaa4-<ID>, blockid: BP-<ID>-<IP>-<ID>:<BLOCK>_299624, duration: <NUM> | PacketResponder: BP-<ID>-<IP>-<ID>:<BLOCK>_299624, type=LAST_IN_PIPELINE, downstreams=<NUM>:[] terminating | Scheduling <BLOCK>_299624 file <PATH><ID>-<IP>-<ID><PATH>/<BLOCK> for deletion | Deleted BP-<ID>-<IP>-<ID> <BLOCK>_299624 file <PATH><ID>-<IP>-<ID><PATH>/<BLOCK>"
2003,15.126602172851562,blk_1074012904,18,"Receiving BP-<ID>-<IP>-<ID>:<BLOCK>_272080 src: /<IP_PORT> dest: /<IP_PORT> | Received BP-<ID>-<IP>-<ID>:<BLOCK>_272080 src: /<IP_PORT> dest: /<IP_PORT> of size <NUM> | Receiving BP-<ID>-<IP>-<ID>:<BLOCK>_272080 src: /<IP_PORT> dest: /<IP_PORT> | src: /<IP_PORT>, dest: /<IP_PORT>, bytes: <NUM>, op: HDFS_WRITE, cliID: DFSClient_NONMAPREDUCE_1704210374_1, offset: <NUM>, srvID: <ID>-c683-<NUM>-83f1-<ID>, blockid: BP-<ID>-<IP>-<ID>:<BLOCK>_272080, duration: <NUM> | PacketResponder: BP-<ID>-<IP>-<ID>:<BLOCK>_272080, type=LAST_IN_PIPELINE, downstreams=<NUM>:[] terminating | DatanodeRegistration(<IP_PORT>, datanodeUuid=<ID>-c683-<NUM>-83f1-<ID>, infoPort=<NUM>, infoSecurePort=<NUM>, ipcPort=<NUM>, storageInfo=lv=-<NUM>;cid=CID-<ID>-fa57-<NUM>-<NUM>-<ID>;nsid=<ID>;c=<NUM>) Starting thread to transfer BP-<ID>-<IP>-<ID>:<BLOCK>_272080 to <IP_PORT> | DataTransfer: Transmitted BP-<ID>-<IP>-<ID>:<BLOCK>_272080 (numBytes=<NUM>) to /<IP_PORT> | Receiving BP-<ID>-<IP>-<ID>:<BLOCK>_272080 src: /<IP_PORT> dest: /<IP_PORT> | Received BP-<ID>-<IP>-<ID>:<BLOCK>_272080 src: /<IP_PORT> dest: /<IP_PORT> of size <NUM> | DatanodeRegistration(<IP_PORT>, datanodeUuid=<ID>-2b9e-43f2-ba3a-<ID>, infoPort=<NUM>, infoSecurePort=<NUM>, ipcPort=<NUM>, storageInfo=lv=-<NUM>;cid=CID-<ID>-fa57-<NUM>-<NUM>-<ID>;nsid=<ID>;c=<NUM>) Starting thread to transfer BP-<ID>-<IP>-<ID>:<BLOCK>_272080 to <IP_PORT> | DataTransfer: Transmitted BP-<ID>-<IP>-<ID>:<BLOCK>_272080 (numBytes=<NUM>) to /<IP_PORT> | Receiving BP-<ID>-<IP>-<ID>:<BLOCK>_272080 src: /<IP_PORT> dest: /<IP_PORT> | src: /<IP_PORT>, dest: /<IP_PORT>, bytes: <NUM>, op: HDFS_WRITE, cliID: DFSClient_NONMAPREDUCE_1704210374_1, offset: <NUM>, srvID: <ID>-90ab-49f8-b712-<ID>, blockid: BP-<ID>-<IP>-<ID>:<BLOCK>_272080, duration: <NUM> | PacketResponder: BP-<ID>-<IP>-<ID>:<BLOCK>_272080, type=HAS_DOWNSTREAM_IN_PIPELINE terminating | BLOCK* ask <IP_PORT> to replicate <BLOCK>_272080 to datanode(s) <IP_PORT> | BLOCK* addStoredBlock: blockMap updated: <IP_PORT> is added to <BLOCK>_272080 size <NUM> | BLOCK* ask <IP_PORT> to replicate <BLOCK>_272080 to datanode(s) <IP_PORT> | BLOCK* addStoredBlock: blockMap updated: <IP_PORT> is added to <BLOCK>_272080 size <NUM>"
8832,15.076032638549805,blk_1073802853,27,"Receiving BP-<ID>-<IP>-<ID>:<BLOCK>_62029 src: /<IP_PORT> dest: /<IP_PORT> | src: /<IP_PORT>, dest: /<IP_PORT>, bytes: <NUM>, op: HDFS_WRITE, cliID: DFSClient_NONMAPREDUCE_-1482587964_1, offset: <NUM>, srvID: <ID>-642e-40b5-<NUM>-<ID>, blockid: BP-<ID>-<IP>-<ID>:<BLOCK>_62029, duration: <NUM> | PacketResponder: BP-<ID>-<IP>-<ID>:<BLOCK>_62029, type=LAST_IN_PIPELINE, downstreams=<NUM>:[] terminating | DatanodeRegistration(<IP_PORT>, datanodeUuid=<ID>-642e-40b5-<NUM>-<ID>, infoPort=<NUM>, infoSecurePort=<NUM>, ipcPort=<NUM>, storageInfo=lv=-<NUM>;cid=CID-<ID>-fa57-<NUM>-<NUM>-<ID>;nsid=<ID>;c=<NUM>) Starting thread to transfer BP-<ID>-<IP>-<ID>:<BLOCK>_62029 to <IP_PORT> | DataTransfer: Transmitted BP-<ID>-<IP>-<ID>:<BLOCK>_62029 (numBytes=<NUM>) to /<IP_PORT> | Receiving BP-<ID>-<IP>-<ID>:<BLOCK>_62029 src: /<IP_PORT> dest: /<IP_PORT> | Received BP-<ID>-<IP>-<ID>:<BLOCK>_62029 src: /<IP_PORT> dest: /<IP_PORT> of size <NUM> | Receiving BP-<ID>-<IP>-<ID>:<BLOCK>_62029 src: /<IP_PORT> dest: /<IP_PORT> | Received BP-<ID>-<IP>-<ID>:<BLOCK>_62029 src: /<IP_PORT> dest: /<IP_PORT> of size <NUM> | Receiving BP-<ID>-<IP>-<ID>:<BLOCK>_62029 src: /<IP_PORT> dest: /<IP_PORT> | src: /<IP_PORT>, dest: /<IP_PORT>, bytes: <NUM>, op: HDFS_WRITE, cliID: DFSClient_NONMAPREDUCE_-1482587964_1, offset: <NUM>, srvID: <ID>-6a63-4e8d-b6fc-<ID>, blockid: BP-<ID>-<IP>-<ID>:<BLOCK>_62029, duration: <NUM> | PacketResponder: BP-<ID>-<IP>-<ID>:<BLOCK>_62029, type=HAS_DOWNSTREAM_IN_PIPELINE terminating | Scheduling <BLOCK>_62029 file <PATH><ID>-<IP>-<ID><PATH>/<BLOCK> for deletion | Deleted BP-<ID>-<IP>-<ID> <BLOCK>_62029 file <PATH><ID>-<IP>-<ID><PATH>/<BLOCK> | Receiving BP-<ID>-<IP>-<ID>:<BLOCK>_62029 src: /<IP_PORT> dest: /<IP_PORT> | Received BP-<ID>-<IP>-<ID>:<BLOCK>_62029 src: /<IP_PORT> dest: /<IP_PORT> of size <NUM> | DatanodeRegistration(<IP_PORT>, datanodeUuid=<ID>-<NUM>-415a-8abd-<ID>, infoPort=<NUM>, infoSecurePort=<NUM>, ipcPort=<NUM>, storageInfo=lv=-<NUM>;cid=CID-<ID>-fa57-<NUM>-<NUM>-<ID>;nsid=<ID>;c=<NUM>) Starting thread to transfer BP-<ID>-<IP>-<ID>:<BLOCK>_62029 to <IP_PORT> | DataTransfer: Transmitted BP-<ID>-<IP>-<ID>:<BLOCK>_62029 (numBytes=<NUM>) to /<IP_PORT> | DatanodeRegistration(<IP_PORT>, datanodeUuid=<ID>-<NUM>-415a-8abd-<ID>, infoPort=<NUM>, infoSecurePort=<NUM>, ipcPort=<NUM>, storageInfo=lv=-<NUM>;cid=CID-<ID>-fa57-<NUM>-<NUM>-<ID>;nsid=<ID>;c=<NUM>) Starting thread to transfer BP-<ID>-<IP>-<ID>:<BLOCK>_62029 to <IP_PORT> | DataTransfer: Transmitted BP-<ID>-<IP>-<ID>:<BLOCK>_62029 (numBytes=<NUM>) to /<IP_PORT> | Receiving BP-<ID>-<IP>-<ID>:<BLOCK>_62029 src: /<IP_PORT> dest: /<IP_PORT> | src: /<IP_PORT>, dest: /<IP_PORT>, bytes: <NUM>, op: HDFS_WRITE, cliID: DFSClient_NONMAPREDUCE_-1482587964_1, offset: <NUM>, srvID: <ID>-b6b5-4c05-a6b8-<ID>, blockid: BP-<ID>-<IP>-<ID>:<BLOCK>_62029, duration: <NUM> | PacketResponder: BP-<ID>-<IP>-<ID>:<BLOCK>_62029, type=HAS_DOWNSTREAM_IN_PIPELINE terminating | BLOCK* ask <IP_PORT> to replicate <BLOCK>_62029 to datanode(s) <IP_PORT> | BLOCK* addStoredBlock: blockMap updated: <IP_PORT> is added to <BLOCK>_62029 size <NUM> | BLOCK* ask <IP_PORT> to replicate <BLOCK>_62029 to datanode(s) <IP_PORT> | BLOCK* addStoredBlock: blockMap updated: <IP_PORT> is added to <BLOCK>_62029 size <NUM>"
4939,15.070384979248049,blk_1073896175,15,"Receiving BP-<ID>-<IP>-<ID>:<BLOCK>_155351 src: /<IP_PORT> dest: /<IP_PORT> | Received BP-<ID>-<IP>-<ID>:<BLOCK>_155351 src: /<IP_PORT> dest: /<IP_PORT> of size <NUM> | Scheduling <BLOCK>_155351 file <PATH><ID>-<IP>-<ID><PATH>/<BLOCK> for deletion | Deleted BP-<ID>-<IP>-<ID> <BLOCK>_155351 file <PATH><ID>-<IP>-<ID><PATH>/<BLOCK> | Receiving BP-<ID>-<IP>-<ID>:<BLOCK>_155351 src: /<IP_PORT> dest: /<IP_PORT> | src: /<IP_PORT>, dest: /<IP_PORT>, bytes: <NUM>, op: HDFS_WRITE, cliID: DFSClient_NONMAPREDUCE_-941064892_1, offset: <NUM>, srvID: <ID>-34ad-4e4c-<NUM>-<ID>, blockid: BP-<ID>-<IP>-<ID>:<BLOCK>_155351, duration: <NUM> | PacketResponder: BP-<ID>-<IP>-<ID>:<BLOCK>_155351, type=HAS_DOWNSTREAM_IN_PIPELINE terminating | DatanodeRegistration(<IP_PORT>, datanodeUuid=<ID>-34ad-4e4c-<NUM>-<ID>, infoPort=<NUM>, infoSecurePort=<NUM>, ipcPort=<NUM>, storageInfo=lv=-<NUM>;cid=CID-<ID>-fa57-<NUM>-<NUM>-<ID>;nsid=<ID>;c=<NUM>) Starting thread to transfer BP-<ID>-<IP>-<ID>:<BLOCK>_155351 to <IP_PORT> | DataTransfer: Transmitted BP-<ID>-<IP>-<ID>:<BLOCK>_155351 (numBytes=<NUM>) to /<IP_PORT> | Receiving BP-<ID>-<IP>-<ID>:<BLOCK>_155351 src: /<IP_PORT> dest: /<IP_PORT> | src: /<IP_PORT>, dest: /<IP_PORT>, bytes: <NUM>, op: HDFS_WRITE, cliID: DFSClient_NONMAPREDUCE_-941064892_1, offset: <NUM>, srvID: <ID>-ef87-<NUM>-b3ba-<ID>, blockid: BP-<ID>-<IP>-<ID>:<BLOCK>_155351, duration: <NUM> | PacketResponder: BP-<ID>-<IP>-<ID>:<BLOCK>_155351, type=HAS_DOWNSTREAM_IN_PIPELINE terminating | Receiving BP-<ID>-<IP>-<ID>:<BLOCK>_155351 src: /<IP_PORT> dest: /<IP_PORT> | src: /<IP_PORT>, dest: /<IP_PORT>, bytes: <NUM>, op: HDFS_WRITE, cliID: DFSClient_NONMAPREDUCE_-941064892_1, offset: <NUM>, srvID: <ID>-05c2-478c-948f-<ID>, blockid: BP-<ID>-<IP>-<ID>:<BLOCK>_155351, duration: <NUM> | PacketResponder: BP-<ID>-<IP>-<ID>:<BLOCK>_155351, type=LAST_IN_PIPELINE, downstreams=<NUM>:[] terminating"
